{"cameraMode":{"drawMode":0,"name":"Shaded","section":"Shading Mode"},"sceneLighting":false,"audioPlay":false,"sceneViewState":{"m_AlwaysRefresh":false,"showFog":true,"showSkybox":false,"showFlares":true,"showImageEffects":true,"showParticleSystems":true,"showVisualEffectGraphs":true,"m_FxEnabled":true},"in2DMode":false,"pivot":{"x":-4.012400150299072,"y":1.828387975692749,"z":6.7571516036987309},"rotation":{"x":0.0018363810377195478,"y":-0.9608540534973145,"z":0.2771376967430115,"w":0.005679083522409201},"size":10.413900375366211,"orthographic":false}