{"cameraMode":{"drawMode":0,"name":"Shaded","section":"Shading Mode"},"sceneLighting":false,"audioPlay":false,"sceneViewState":{"m_AlwaysRefresh":false,"showFog":true,"showSkybox":false,"showFlares":true,"showImageEffects":true,"showParticleSystems":true,"showVisualEffectGraphs":true,"m_FxEnabled":true},"in2DMode":false,"pivot":{"x":-2.682145833969116,"y":-6.215808868408203,"z":-1.9221858978271485},"rotation":{"x":-0.30298253893852236,"y":0.0041106040589511398,"z":-0.0010604560375213624,"w":-0.9530357718467712},"size":22.08478546142578,"orthographic":false}