{"cameraMode":{"drawMode":0,"name":"Shaded","section":"Shading Mode"},"sceneLighting":false,"audioPlay":false,"sceneViewState":{"m_AlwaysRefresh":false,"showFog":true,"showSkybox":false,"showFlares":true,"showImageEffects":true,"showParticleSystems":true,"showVisualEffectGraphs":true,"m_FxEnabled":true},"in2DMode":false,"pivot":{"x":2.7179107666015627,"y":2.8033289909362795,"z":-7.6157732009887699},"rotation":{"x":-0.05914217606186867,"y":0.9137462973594666,"z":-0.14400207996368409,"w":-0.3752787411212921},"size":1.4605213403701783,"orthographic":false}