{"cameraMode":{"drawMode":0,"name":"Shaded","section":"Shading Mode"},"sceneLighting":false,"audioPlay":false,"sceneViewState":{"m_AlwaysRefresh":false,"showFog":true,"showSkybox":false,"showFlares":true,"showImageEffects":true,"showParticleSystems":true,"showVisualEffectGraphs":true,"m_FxEnabled":true},"in2DMode":false,"pivot":{"x":-34.43018341064453,"y":15.505765914916993,"z":1.5020780563354493},"rotation":{"x":-0.13610002398490907,"y":-0.06259234249591828,"z":0.008866372518241406,"w":-0.9887259602546692},"size":6.607396125793457,"orthographic":false}