{"cameraMode":{"drawMode":0,"name":"Shaded","section":"Shading Mode"},"sceneLighting":false,"audioPlay":false,"sceneViewState":{"m_AlwaysRefresh":false,"showFog":true,"showSkybox":false,"showFlares":true,"showImageEffects":true,"showParticleSystems":true,"showVisualEffectGraphs":true,"m_FxEnabled":true},"in2DMode":false,"pivot":{"x":-30.128379821777345,"y":4.441689491271973,"z":1.5857939720153809},"rotation":{"x":-0.019636446610093118,"y":0.9805441498756409,"z":-0.13796834647655488,"w":-0.13853228092193604},"size":2.640923261642456,"orthographic":false}