{"cameraMode":{"drawMode":0,"name":"Shaded","section":"Shading Mode"},"sceneLighting":false,"audioPlay":false,"sceneViewState":{"m_AlwaysRefresh":false,"showFog":true,"showSkybox":false,"showFlares":true,"showImageEffects":true,"showParticleSystems":true,"showVisualEffectGraphs":true,"m_FxEnabled":true},"in2DMode":false,"pivot":{"x":-14.194487571716309,"y":0.10332047939300537,"z":4.4440460205078129},"rotation":{"x":-0.02971569448709488,"y":-0.9512128233909607,"z":0.2914452850818634,"w":-0.09709186851978302},"size":1.4090667963027955,"orthographic":false}