{"cameraMode":{"drawMode":0,"name":"Shaded","section":"Shading Mode"},"sceneLighting":false,"audioPlay":false,"sceneViewState":{"m_AlwaysRefresh":false,"showFog":true,"showSkybox":false,"showFlares":true,"showImageEffects":true,"showParticleSystems":true,"showVisualEffectGraphs":true,"m_FxEnabled":true},"in2DMode":false,"pivot":{"x":5.795234203338623,"y":0.7591209411621094,"z":1.3337879180908204},"rotation":{"x":-0.3143928050994873,"y":0.006955239921808243,"z":-0.0020357798784971239,"w":-0.9493156671524048},"size":15.375720977783204,"orthographic":false}